Student_ID,Gender,Age,Attendance,Study_Hours,Previous_Score,Assignment_Score,Midterm_Score,Final_Score,Predicted_Final_Score
1001,Male,20,60,1.5,45,51,48,53,53.023716895631274
1002,Female,19,99,7.0,98,99,98,99,102.69512824517189
1003,Male,19,69,1.9,53,58,53,61,60.3862650261605
1004,Male,20,69,1.5,45,50,48,52,52.645493825528526
1005,Male,20,98,4.6,84,91,90,90,90.82179564720293
1006,Female,18,99,6.1,98,99,98,99,102.9825679441296
1007,Male,21,90,5.6,89,93,94,99,95.01274951718223
1008,Male,20,79,4.8,78,83,81,85,84.58219371436674
1009,Male,21,85,4.7,84,87,87,93,89.99533198688603
1010,Female,20,91,4.9,80,83,84,87,85.99649505852092
1011,Male,20,93,4.4,76,82,77,82,82.42936817396047
1012,Male,19,82,4.7,75,77,78,82,81.06157983899193
1013,Male,21,79,3.3,71,75,73,78,77.59572625543501
1014,Male,21,80,4.4,67,70,67,75,72.99633705124539
1015,Female,18,68,2.4,61,67,65,71,68.84307397616027
1016,Male,18,88,3.2,70,79,72,78,77.64021087955716
1017,Female,19,60,1.5,50,52,53,59,57.325706341322906
1018,Female,20,80,3.6,72,73,73,77,77.93771317126371
1019,Female,21,80,3.3,66,71,72,72,73.08328689336517
1020,Male,18,69,2.9,56,61,61,62,63.60887245188472
1021,Female,19,81,4.8,75,80,80,83,81.78389080039717
1022,Male,19,92,6.1,88,92,90,94,93.80134612749787
1023,Female,21,88,4.5,81,86,81,89,87.14484411109102
1024,Female,20,71,1.8,49,55,56,54,57.01517791989965
1025,Female,20,60,2.2,57,64,60,64,65.01738266579679
1026,Female,19,97,6.0,86,87,88,94,91.15286836134007
1027,Female,19,63,2.0,69,73,73,72,76.54640862377252
1028,Female,18,76,4.2,66,71,71,77,73.13607541011
1029,Female,18,83,5.3,77,80,80,83,83.17247673576124
1030,Female,21,73,3.8,59,67,65,62,66.71148014825829
1031,Male,20,73,3.9,75,79,80,82,81.88009120611814
1032,Male,21,69,2.7,56,61,57,63,63.104020083312314
1033,Female,21,84,4.6,69,75,71,76,75.5856276270617
1034,Female,19,76,4.0,66,70,71,75,72.90714184765113
1035,Female,20,65,1.5,45,50,48,53,52.72859289813123
1036,Male,21,81,3.4,76,80,79,84,82.5906134536876
1037,Female,20,82,4.4,76,83,76,84,82.7738953600734
1038,Male,18,86,3.6,73,77,75,80,79.62502702095242
1039,Male,19,79,4.1,63,66,65,74,69.41478814891282
1040,Male,18,96,6.0,92,99,94,96,98.3849134290151
1041,Male,21,90,4.3,75,79,77,82,81.12726977556426
1042,Male,20,75,3.7,62,66,63,69,68.62483950102825
1043,Female,18,85,4.3,70,75,78,79,77.13925078552408
1044,Female,20,79,5.5,75,82,82,80,82.11640202695206
1045,Female,20,76,3.5,73,83,74,77,80.76154805852026
1046,Female,19,83,3.6,70,77,76,77,77.48865197686307
1047,Female,18,80,2.6,65,72,67,73,72.57624298484535
1048,Male,20,75,3.6,52,56,55,62,58.83024259551732
1049,Female,19,64,2.7,50,53,53,54,57.16139601465358
1050,Female,20,97,6.5,90,95,92,99,95.70836690510453
1051,Male,19,61,3.1,55,60,60,67,62.64978743474073
1052,Female,21,76,2.4,61,64,64,67,67.77859901788045
1053,Male,19,77,4.1,66,71,68,70,72.82917585780581
1054,Female,19,87,6.1,76,82,76,82,82.17587800476896
1055,Male,21,75,4.1,68,74,69,75,74.81410142159937
1056,Female,19,94,6.7,90,96,90,98,95.84913393143306
1057,Female,18,71,2.1,71,77,74,77,78.74141246778144
1058,Male,18,82,4.0,74,78,75,84,80.53883948935895
1059,Male,20,82,2.5,62,66,64,67,68.82712295507797
1060,Male,20,99,7.0,93,96,98,97,98.38686558744283
1061,Male,20,66,1.8,47,56,52,56,55.54875281757845
1062,Male,18,80,4.9,79,84,82,81,85.7016803967099
1063,Male,18,90,5.6,80,85,83,87,86.33177617859484
1064,Male,18,83,5.0,82,85,89,95,88.5254702014598
1065,Male,19,75,3.9,64,75,68,71,72.22056883757283
1066,Female,19,85,3.2,72,75,74,77,78.46549917541365
1067,Female,19,88,3.5,80,84,80,87,86.35005312535147
1068,Male,19,76,4.6,72,78,76,79,79.05884175364328
1069,Female,21,80,5.7,86,92,91,93,92.58995453551623
1070,Female,19,99,6.9,98,99,98,99,102.71783336273967
1071,Female,19,71,3.0,58,67,62,63,66.14483793659554
1072,Female,20,70,1.5,60,66,62,70,67.69241308932493
1073,Male,19,69,3.2,68,71,71,75,74.88602374065124
1074,Female,20,99,7.0,98,99,96,99,102.46154376374179
1075,Male,21,66,2.2,55,61,58,61,62.62483168656612
1076,Female,21,99,6.2,89,98,94,99,95.64579668215282
1077,Female,18,97,6.8,98,99,98,99,102.86518165745653
1078,Female,21,70,2.5,63,70,66,71,70.6391017089356
1079,Male,19,84,4.9,85,90,86,90,91.36567256087373
1080,Female,18,99,6.7,93,99,97,98,99.11967327179046
1081,Male,19,77,3.5,60,65,63,68,67.059976265307
1082,Female,21,81,5.5,73,76,74,79,78.78172712833702
1083,Male,19,84,2.2,62,69,68,67,69.81151456373237
1084,Female,19,62,3.3,62,68,67,68,69.75230759276391
1085,Male,20,82,3.1,64,71,66,72,71.25820129264352
1086,Male,18,68,2.9,50,55,54,56,57.57372608154758
1087,Female,18,76,4.3,73,77,77,80,79.82432972006713
1088,Male,18,66,2.6,71,73,75,78,78.04200551400048
1089,Female,18,81,4.4,77,84,77,80,83.95763669628566
1090,Female,18,69,1.5,52,58,57,56,60.13087710911579
1091,Female,18,83,4.8,81,84,83,89,87.19787404877334
1092,Female,20,96,5.3,84,88,86,90,89.82967720912518
1093,Female,18,60,1.8,47,51,55,56,55.10907418531822
1094,Female,19,84,5.1,72,74,76,81,78.01411739361235
1095,Female,21,86,5.8,89,92,91,97,94.63345193702919
1096,Female,19,70,2.5,60,63,59,71,66.74896882338142
1097,Female,20,99,5.6,90,94,96,97,95.98089495133117
1098,Female,18,82,4.1,83,87,83,91,89.41190252879495
1099,Female,18,60,3.8,62,64,63,68,68.6974428739228
1100,Male,18,80,4.8,68,77,70,80,75.44956857094598
1101,Male,18,88,4.6,83,91,89,94,90.39020148078575
1102,Female,18,83,4.1,72,75,77,79,78.61153255532635
1103,Female,18,92,4.2,82,88,85,90,88.79290701772118
1104,Female,18,65,3.5,59,65,63,69,66.6620834146346
1105,Female,18,85,4.6,74,81,76,81,80.98928037003145
1106,Female,19,72,3.3,56,59,59,62,62.83964288223817
1107,Female,18,70,3.3,72,79,75,81,79.67775526823162
1108,Female,19,73,2.6,52,56,57,59,59.332427788926495
1109,Female,19,70,3.2,58,60,63,65,64.8566967926752
1110,Male,20,92,6.0,92,98,96,97,98.261065903758
1111,Female,18,93,5.3,86,94,88,90,92.81674799499157
1112,Male,20,84,4.3,78,88,82,85,85.62334166547673
1113,Female,20,66,3.1,52,55,55,61,58.93949093996561
1114,Female,18,77,4.0,64,70,65,71,71.05742077994461
1115,Male,21,87,5.0,80,84,82,90,86.01455468887241
1116,Female,21,76,5.0,73,80,76,79,79.91461802449828
1117,Male,18,99,7.0,98,99,98,99,102.77822188601964
1118,Female,18,78,4.6,73,75,76,80,79.25691909727794
1119,Female,20,85,4.3,74,77,75,81,80.05096239376145
1120,Male,20,79,3.9,69,74,72,78,75.81552619518175
1121,Female,18,73,3.7,82,86,85,87,88.91865288692956
1122,Male,18,75,3.8,64,70,67,74,71.29487139196385
1123,Female,19,93,3.6,86,93,91,97,93.15412745692282
1124,Male,19,85,5.8,88,94,93,95,94.62312143162278
1125,Male,20,70,2.0,59,67,61,68,66.96460852861327
1126,Female,19,69,3.2,56,62,58,61,63.423177354206786
1127,Female,19,66,1.5,46,50,48,55,53.52119548015657
1128,Male,20,84,4.5,79,87,83,88,86.19221040321396
1129,Female,18,66,2.2,64,68,70,73,71.68836213378452
1130,Female,18,66,1.5,46,53,48,53,54.17803959124431
1131,Female,20,93,5.4,79,87,82,80,85.72564601145673
1132,Male,21,99,5.7,98,99,98,99,102.82410749185745
1133,Male,19,80,4.8,66,68,70,72,72.18465610072172
1134,Male,19,84,5.3,82,85,86,87,88.12775017888453
1135,Male,18,77,3.4,78,86,79,85,85.53106180797006
1136,Male,19,82,3.2,65,70,69,71,72.08335962937863
1137,Male,19,91,6.2,80,85,81,85,85.94118622360742
1138,Male,18,84,3.1,69,76,70,74,76.29149004957702
1139,Male,18,86,3.7,72,78,74,78,78.98804293051187
1140,Male,19,76,5.1,73,79,75,82,79.79160461158817
1141,Female,18,79,3.3,62,67,65,68,69.14048917772115
1142,Male,19,85,4.7,79,83,79,85,85.14313673262411
1143,Female,18,76,3.9,66,73,71,72,73.58669107630664
1144,Female,19,74,2.4,65,71,70,73,72.69769429216407
1145,Female,18,95,5.4,74,78,73,82,79.800405016869
1146,Male,21,87,3.5,54,61,59,55,61.23835673798378
1147,Male,19,83,4.4,70,75,71,79,76.54828362137168
1148,Male,20,79,4.2,75,78,80,85,81.49607708776409
1149,Male,20,94,6.5,85,88,88,90,90.47953988452387
1150,Female,19,89,4.6,76,79,79,81,82.12689102261774
1151,Male,18,78,3.3,72,76,75,78,78.93780665278621
1152,Male,19,97,5.3,76,83,81,81,82.71724852200693
1153,Male,19,95,7.0,92,95,93,99,97.25529733336246
1154,Male,20,88,4.1,81,86,85,84,87.61973990337457
1155,Male,19,83,3.8,70,74,75,75,76.79424585119637
1156,Female,18,69,2.5,59,63,63,69,66.4235352042163
1157,Male,18,74,2.6,54,56,62,59,61.23154118173599
1158,Female,19,74,3.0,73,78,75,82,80.11871146006608
1159,Male,20,71,3.9,65,70,70,73,72.14509803550509
1160,Female,19,73,5.1,68,74,71,71,74.94527790450084
1161,Male,19,83,4.2,73,78,78,81,79.88501339677025
1162,Male,21,89,4.1,78,81,81,85,84.06778790149332
1163,Female,20,82,3.0,76,83,78,82,83.24225784660457
1164,Female,18,93,4.8,74,79,80,81,80.69615335736188
1165,Female,18,81,4.7,70,75,72,78,76.68005686610864
1166,Male,18,64,1.7,50,55,50,58,57.628304883798855
1167,Female,18,65,2.8,57,61,59,66,64.29446951080111
1168,Male,18,77,3.5,74,79,78,82,81.17322533557139
1169,Male,18,71,1.8,63,69,69,67,71.06102979042944
1170,Female,18,90,5.3,78,80,81,84,83.83258248832595
1171,Female,18,94,6.5,95,99,98,99,100.80477018662708
1172,Male,21,92,4.7,83,87,83,91,88.81864321933831
1173,Male,18,70,4.7,72,78,74,84,79.09338804524495
1174,Female,19,93,6.3,92,99,94,99,98.29602873991607
1175,Female,19,86,5.0,76,79,79,83,82.09839485679868
1176,Female,21,80,2.8,65,69,68,73,71.78304677721775
1177,Male,18,76,2.4,57,61,61,64,64.30725837199711
1178,Male,19,77,3.5,70,73,72,74,76.57002339518354
1179,Male,21,76,3.8,59,63,62,66,65.65841895594609
1180,Male,21,78,5.3,73,80,76,82,79.8049531354936
1181,Male,20,85,4.6,78,81,79,84,83.96996418652256
1182,Male,18,82,3.9,73,79,76,81,80.09775647463631
1183,Female,18,87,4.0,85,87,88,94,91.16752832572176
1184,Male,20,89,6.3,92,96,95,97,97.7975291217222
1185,Male,21,79,4.7,82,86,85,88,88.31767217980453
1186,Male,19,71,3.0,53,61,56,58,60.89444592772717
1187,Female,19,60,1.5,45,50,48,52,52.91556037973236
1188,Male,18,85,6.2,78,79,84,82,83.76659637509624
1189,Male,20,70,2.6,50,51,51,55,56.44336772839387
1190,Female,18,76,3.6,67,72,69,77,74.0433491410092
1191,Male,19,74,2.2,49,55,58,54,57.095617626606625
1192,Male,19,65,1.5,49,55,50,56,56.83956300060771
1193,Male,19,89,5.0,78,83,78,84,84.18639317769866
1194,Male,18,81,5.0,75,82,79,84,82.12882909931153
1195,Male,18,80,2.9,66,70,65,76,72.70542018739461
1196,Female,20,60,1.5,45,52,48,54,53.21496705237794
1197,Female,18,73,3.3,66,68,73,74,72.97948614301434
1198,Female,19,85,3.2,76,79,76,83,82.30212548029573
1199,Male,18,60,2.4,55,56,54,60,61.696118517979855
1200,Male,19,84,3.7,77,81,77,88,83.39740410372032
1201,Male,19,75,3.3,73,78,78,78,80.25555760008562
1202,Female,18,79,3.7,76,81,81,84,83.15506955715789
1203,Male,19,74,3.1,75,80,77,84,82.08956491523053
1204,Male,18,76,1.9,64,67,68,70,71.20698880765205
1205,Female,18,89,5.1,85,90,91,94,91.67570922728844
1206,Male,21,86,5.0,78,80,85,87,84.03549767225343
1207,Female,19,77,3.6,70,78,73,80,77.57881448164026
1208,Female,20,62,2.9,60,64,58,66,66.85725759392348
1209,Female,18,70,3.7,64,68,65,68,70.88845919620934
1210,Male,20,77,2.9,61,69,63,67,68.60839766618079
1211,Male,20,77,3.7,63,66,65,70,69.46406451463751
1212,Male,19,94,5.5,92,95,95,99,97.76713970561208
1213,Male,19,67,3.1,50,53,55,56,57.158742080512816
1214,Male,19,66,3.0,52,57,58,55,59.65352627274798
1215,Male,19,99,4.9,95,99,98,99,100.98108458611033
1216,Male,21,85,3.1,72,78,77,83,79.12150374239947
1217,Female,20,72,3.0,54,64,58,62,62.24510253887935
1218,Male,21,84,4.8,94,95,97,99,99.57869418763666
1219,Female,18,72,3.5,65,71,70,73,72.57258117606767
1220,Male,20,99,5.9,93,97,96,99,98.67738119685264
1221,Male,21,82,6.2,81,85,88,90,87.2189735066345
1222,Male,18,70,4.1,66,70,66,74,72.71595187837927
1223,Female,18,99,6.9,97,99,98,99,102.07064329425914
1224,Female,20,74,3.8,65,73,68,70,72.52873847827847
1225,Female,19,88,5.6,79,86,83,86,85.75119852146683
1226,Female,20,79,4.1,74,79,80,82,80.97974865275026
1227,Male,18,92,5.2,86,94,89,92,92.9354733010012
1228,Female,20,91,6.1,87,89,87,95,92.20925681435901
1229,Male,18,85,4.6,73,75,78,81,79.26198656080557
1230,Male,18,78,3.1,65,66,70,74,71.58250225370139
1231,Female,18,75,3.7,80,84,79,90,86.58256309673129
1232,Female,20,69,2.6,66,71,69,73,73.32810254597125
1233,Female,20,93,6.6,98,99,98,99,102.82750368349929
1234,Female,19,78,4.1,72,77,74,78,78.78907680785177
1235,Female,19,76,4.7,71,73,72,78,77.04862046184921
1236,Female,21,75,3.4,69,76,74,72,76.46204836885126
1237,Female,19,62,2.6,51,56,54,61,58.60493026838215
1238,Female,20,65,3.6,56,62,56,63,63.181871475108295
1239,Male,19,93,6.9,92,93,97,99,97.23803335490298
1240,Female,19,74,2.9,67,73,67,77,74.20150017560154
1241,Female,19,66,2.9,60,63,64,66,67.11747452716892
1242,Male,19,86,5.0,83,87,84,91,89.11660917752573
1243,Female,20,89,5.7,84,90,86,91,90.26678042940215
1244,Male,19,86,4.9,83,88,87,90,89.55630071271369
1245,Male,18,98,5.6,84,87,88,89,89.84544028565169
1246,Female,21,79,1.5,66,71,72,76,73.51275377773575
1247,Male,19,60,2.6,53,55,56,59,60.06628790717572
1248,Male,19,99,6.0,90,97,94,98,96.39642775156547
1249,Male,21,81,3.4,70,75,72,73,76.72594247194644
1250,Male,20,72,4.9,72,79,75,81,79.1067365691504
1251,Female,18,97,5.3,87,91,91,96,93.11591842235067
1252,Male,21,93,4.5,79,83,82,86,85.0818978017323
1253,Female,20,79,5.8,74,77,73,81,79.68454339856656
1254,Male,19,97,6.3,90,97,94,98,96.3698619351635
1255,Male,18,79,2.8,64,68,68,76,71.13156860183673
1256,Male,20,91,5.1,86,92,88,89,92.35502017123964
1257,Male,20,83,4.6,74,78,74,83,80.14040131381498
1258,Female,19,84,4.5,68,69,74,73,74.12247163739025
1259,Female,21,97,5.2,90,94,94,97,95.87968047647352
1260,Male,20,78,4.3,70,73,73,77,76.35975946593412
1261,Male,18,91,4.3,84,89,85,90,90.44279424370727
1262,Female,19,97,5.3,82,85,83,89,87.6319419320522
1263,Male,18,75,3.8,72,79,78,77,79.6860921005129
1264,Male,20,71,3.2,65,70,68,74,72.15354301789715
1265,Male,18,62,1.6,55,60,57,58,62.82694681008087
1266,Female,19,63,2.1,45,51,49,53,52.98350094691153
1267,Female,20,99,6.8,98,99,98,99,102.65744483945969
1268,Female,21,69,3.4,54,59,60,59,61.32775278906158
1269,Male,19,83,4.0,70,73,76,77,76.63283087960534
1270,Male,20,76,4.3,66,67,68,70,71.95644612298653
1271,Female,18,86,4.7,69,73,71,76,75.38815358224248
1272,Female,20,83,5.9,74,78,72,78,79.69474394485157
1273,Female,18,88,5.4,84,89,84,92,90.18011683462262
1274,Female,19,73,3.2,62,66,62,67,68.78776284572504
1275,Male,20,79,5.1,68,74,71,74,74.73753565474904
1276,Female,18,81,4.9,78,82,80,86,84.41763076515528
1277,Male,18,77,4.0,73,78,73,78,79.76193878020172
1278,Female,20,99,5.3,92,99,94,99,98.31533766584198
1279,Male,20,83,3.9,77,83,81,81,83.97315699054573
1280,Female,20,79,5.1,84,89,88,92,90.56999950015124
1281,Female,20,95,4.9,75,79,74,86,80.74452260937846
1282,Female,19,99,5.2,88,92,91,99,93.93551422884427
1283,Female,18,75,4.3,77,80,77,84,83.33998979577085
1284,Male,19,70,3.3,58,62,63,67,65.21649198860075
1285,Female,18,81,4.9,69,76,74,72,76.24610391897384
1286,Male,21,75,2.5,60,65,61,70,67.01189885500823
1287,Male,19,76,3.2,62,64,63,71,68.41818364807085
1288,Male,19,85,4.3,80,89,82,86,87.33747811357698
1289,Male,19,88,5.4,90,96,88,99,96.11845822813582
1290,Female,21,77,3.8,78,80,82,84,84.26919573554927
1291,Male,18,79,4.1,74,78,76,80,80.65370409653438
1292,Male,19,93,5.5,92,97,97,99,98.32090562783846
1293,Male,19,82,4.2,80,88,81,85,87.15601195855895
1294,Female,20,99,7.0,98,99,98,99,102.61203460432414
1295,Female,18,89,3.0,84,91,84,89,91.08676520159183
1296,Female,21,70,2.9,50,58,51,55,57.63090983206944
1297,Female,21,85,5.6,77,81,78,82,82.85429024037764
1298,Male,19,85,4.3,72,76,77,81,78.63272929978835
1299,Male,20,95,5.7,83,86,85,89,88.57160206389199
1300,Female,21,89,4.2,83,88,86,87,89.4114795292494
1301,Male,20,79,4.8,75,80,77,81,81.51661043497725
1302,Male,18,71,3.5,63,69,63,70,70.22357027003025
1303,Male,19,80,3.8,73,80,76,78,80.27016764440434
1304,Female,20,65,3.5,66,70,70,71,73.09085082400851
1305,Female,19,79,3.4,62,63,63,73,68.11919895173662
1306,Male,20,90,4.0,75,80,80,80,81.69546518673553
1307,Female,21,93,5.9,97,99,98,99,102.17306215629769
1308,Female,21,84,4.6,79,84,81,85,85.3621703339761
1309,Female,19,71,2.2,57,61,61,63,64.3734488070383
1310,Female,18,83,4.4,79,84,81,87,85.67763625980555
1311,Female,21,97,5.5,89,97,92,98,95.50454104409957
1312,Male,20,86,3.2,69,75,71,75,75.94504337755691
1313,Female,18,75,3.9,75,79,78,80,81.85423811092993
1314,Male,21,73,3.4,74,78,72,84,80.3870259247049
1315,Male,21,74,2.5,65,70,64,72,71.86607921440708
1316,Female,19,90,4.1,82,90,86,92,89.23181376452706
1317,Male,19,78,4.4,69,74,74,72,75.95635985692367
1318,Male,19,91,3.3,80,85,81,87,86.59963463307282
1319,Male,18,64,3.5,55,59,58,66,62.237995303536344
1320,Female,19,79,4.3,71,78,75,77,78.25910367227512
1321,Female,20,84,4.8,77,86,81,84,84.32178663452508
1322,Male,18,85,2.0,68,74,67,76,75.18195129097673
1323,Female,19,99,6.0,91,96,92,97,96.78497046356472
1324,Female,19,72,3.4,69,74,71,75,76.08232338063192
1325,Female,19,79,3.7,75,75,79,81,81.04370042591954
1326,Female,21,94,4.9,78,84,86,84,84.73225069189363
1327,Male,19,64,3.1,55,60,58,64,62.43697228970635
1328,Male,19,62,2.1,47,53,48,55,54.772098026920894
1329,Female,20,65,1.5,56,60,60,64,63.57716031170291
1330,Female,19,83,4.7,88,92,94,97,94.60717236796748
1331,Male,18,74,3.1,66,70,69,72,73.08564024232783
1332,Male,19,99,7.0,98,99,98,99,102.69512824517189
1333,Female,18,72,3.6,62,66,67,68,69.17703788590825
1334,Male,18,89,3.9,73,82,77,80,80.60132898811274
1335,Female,19,89,6.3,95,99,96,99,100.72046978108591
1336,Female,19,99,7.0,98,99,98,99,102.69512824517189
1337,Male,21,99,7.0,96,99,98,99,101.06837354481986
1338,Male,19,91,5.5,92,96,97,99,98.17120500739314
1339,Female,19,94,5.2,77,78,80,78,82.5010654493305
1340,Female,20,88,4.6,75,83,77,82,81.9487982269967
1341,Male,18,91,5.7,78,84,83,88,84.63647871747318
1342,Female,20,79,2.9,59,65,60,66,66.11554382336273
1343,Male,18,70,3.0,55,60,59,64,62.493367859508986
1344,Female,21,77,4.0,74,76,74,81,79.93568667378459
1345,Male,18,73,3.5,69,73,74,75,76.1564232398881
1346,Male,19,71,2.6,68,75,70,71,75.67046011645199
1347,Male,18,99,5.1,84,87,90,91,90.08868194592223
1348,Female,21,96,5.2,85,85,89,90,90.151558185807
1349,Female,19,74,4.4,76,81,77,81,82.7159322529244
1350,Male,19,88,5.6,91,96,97,97,97.48054048494913
1351,Female,18,71,3.2,52,57,58,62,59.5873358377068
1352,Male,20,81,3.2,74,80,79,86,81.25854991101436
1353,Male,18,76,4.1,60,66,61,67,67.06837328506309
1354,Female,21,60,1.5,45,51,48,52,52.940623254783524
1355,Female,18,79,4.2,70,77,73,75,77.29287772403336
1356,Male,18,80,4.1,67,69,69,75,73.27297401032764
1357,Female,18,96,5.5,90,96,96,99,96.61461196853979
1358,Female,19,75,5.1,82,88,85,89,88.85863837732497
1359,Male,19,69,3.4,60,63,58,62,66.49015211313096
1360,Male,18,94,5.1,93,95,97,99,98.82182836664155
1361,Female,20,93,5.9,86,90,88,95,91.74932938090278
1362,Male,19,99,3.3,84,88,87,88,90.37979431716754
1363,Male,19,80,3.1,71,78,73,78,78.36029947435537
1364,Female,19,69,3.7,68,72,73,76,75.11423915014139
1365,Male,19,81,3.2,72,75,77,79,78.77433450888991
1366,Male,19,93,4.7,91,95,95,96,97.23927170497669
1367,Female,18,99,6.3,91,98,93,99,97.25769448549364
1368,Female,18,98,7.0,95,99,98,99,100.60814552618552
1369,Male,21,85,2.3,65,70,68,69,71.9839486810499
1370,Male,21,63,1.9,55,60,56,58,62.41353034639245
1371,Female,19,84,5.1,75,83,79,85,82.15195619319064
1372,Female,18,60,2.8,53,57,57,61,60.56171704667243
1373,Female,20,86,4.4,78,86,84,85,85.32707753869663
1374,Female,19,74,3.1,67,72,73,73,74.41631230546638
1375,Male,18,73,4.7,69,74,71,75,75.84947572494795
1376,Female,18,63,2.9,49,59,54,54,57.71231683995935
1377,Female,20,90,5.1,80,83,81,86,85.74612333066251
1378,Male,20,79,2.8,64,68,68,67,70.96538132014123
1379,Female,18,62,2.4,56,59,58,62,63.25958484241146
1380,Male,18,60,1.5,45,52,48,52,53.381154334073436
1381,Female,18,76,4.2,67,75,71,75,74.6313597464249
1382,Female,20,91,7.0,98,99,96,99,102.6277419089472
1383,Female,18,96,6.7,86,93,85,95,92.01956562697052
1384,Male,18,74,2.8,64,69,67,74,71.3514471790456
1385,Male,20,86,4.0,66,70,69,75,72.46580968471426
1386,Female,18,87,4.8,80,82,82,88,85.92674553305788
1387,Male,20,63,3.1,59,68,59,66,66.90103492858682
1388,Male,18,80,5.3,76,82,77,81,82.6612813835048
1389,Male,18,93,4.3,84,88,88,92,90.43573081153279
1390,Male,18,99,5.6,87,95,91,97,93.77125416033265
1391,Male,20,71,3.6,76,79,79,84,82.6447943841599
1392,Male,21,69,2.8,73,79,78,84,80.5187946718797
1393,Female,20,81,3.1,64,69,68,68,71.04696658788323
1394,Female,19,74,4.4,57,63,59,62,64.04362138900623
1395,Male,20,73,2.6,69,74,71,78,76.16009591217568
1396,Female,18,86,4.5,76,78,76,84,81.8780276678651
1397,Female,18,76,5.6,80,85,83,90,86.6226229327043
1398,Female,21,72,3.0,63,70,68,70,70.63451742537774
1399,Female,18,97,5.9,89,94,93,94,95.1644964464229
1400,Male,18,82,2.9,71,78,77,78,78.74823549520201
1401,Female,18,75,4.1,67,70,69,71,73.5680980078277
1402,Female,18,73,2.6,69,74,75,74,76.62726487503589
1403,Male,18,60,1.5,45,50,48,54,52.99865402058011
1404,Male,19,90,5.9,84,90,90,93,90.58467074812839
1405,Female,19,83,5.5,85,90,88,93,91.40070746420012
1406,Female,21,75,3.7,66,72,70,70,73.13709958001178
1407,Female,20,76,4.2,76,83,82,82,83.39542672586006
1408,Female,19,88,5.3,74,80,77,79,80.56892186530179
1409,Female,18,69,2.1,57,63,60,66,64.82805199495732
1410,Female,19,74,3.9,65,68,71,71,71.85861247869866
1411,Male,19,88,4.9,80,85,83,85,86.44916789702285
1412,Female,18,60,3.2,54,58,54,61,61.16669418160273
1413,Female,20,81,4.6,79,83,86,85,85.69256522398508
1414,Male,19,66,2.4,52,56,54,62,59.29752514024325
1415,Male,19,98,3.8,75,78,78,81,81.12477976343773
1416,Male,19,74,4.1,71,72,76,75,77.33613222797526
1417,Male,18,71,1.5,46,50,48,52,53.500415280250934
1418,Female,21,97,5.1,94,99,95,99,99.85501663537885
1419,Female,20,74,2.6,60,62,64,66,66.74504793707241
1420,Female,18,81,2.3,65,70,64,69,72.01534699503114
1421,Female,21,84,5.5,75,84,77,84,81.93570775738836
1422,Female,19,93,6.3,83,90,86,91,89.40026058291228
1423,Female,21,70,3.8,59,67,61,66,66.47282277154562
1424,Male,20,87,3.3,76,82,76,86,82.72852765581885
1425,Female,19,90,4.6,77,84,83,85,84.09363242869335
1426,Male,18,84,4.1,86,90,89,91,92.58642711246544
1427,Male,18,75,3.8,78,82,84,83,85.09301734846954
1428,Female,19,75,3.0,71,71,73,80,77.14812733544989
1429,Male,20,68,3.7,59,66,60,67,66.35367548922466
1430,Female,18,81,3.9,69,77,73,76,76.58915983110707
1431,Male,18,75,3.2,56,60,59,61,63.074367492948326
1432,Female,20,60,1.5,45,50,48,53,52.83246673888461
1433,Male,21,84,5.9,80,83,86,85,85.98226445963253
1434,Female,19,89,4.3,75,81,77,82,81.69673213890377
1435,Female,18,61,1.7,45,52,48,55,53.314969330787214
1436,Female,18,60,3.4,60,62,66,66,67.17093187291755
1437,Female,18,83,4.2,79,85,81,83,85.91429665168776
1438,Female,21,99,7.0,98,99,98,99,102.52894096347639
1439,Male,18,86,4.2,74,79,73,83,80.45108949778502
1440,Male,19,70,2.9,68,74,74,76,75.7328510563174
1441,Male,18,69,3.3,69,74,69,76,76.09995560291712
1442,Female,19,97,5.4,94,99,97,99,100.10357940495338
1443,Male,20,70,4.4,70,75,75,78,77.03624364764744
1444,Female,20,66,3.0,67,74,71,72,74.7541314003028
1445,Female,18,72,3.8,61,67,64,69,68.36685783731757
1446,Male,18,70,2.3,59,64,59,65,66.33843914678312
1447,Male,18,78,3.7,72,74,73,77,78.31399502843944
1448,Female,21,85,6.8,95,99,98,99,100.67434682473662
1449,Male,21,88,3.6,79,86,80,85,85.81337733025326
1450,Female,19,84,3.4,65,70,68,72,71.92115443765056
1451,Female,20,80,3.6,68,74,72,75,75.13258307040613
1452,Female,20,60,2.0,45,54,50,52,53.63443261861475
1453,Female,18,88,5.0,89,96,90,94,95.71257947050874
1454,Female,21,79,4.1,69,74,76,75,75.98800400036316
1455,Male,19,81,4.2,70,74,75,80,76.74497491722663
1456,Male,19,99,7.0,98,98,98,99,102.50387808842522
1457,Female,19,79,3.8,80,85,85,87,87.0363879442068
1458,Female,18,73,2.9,51,55,59,61,58.576363051578355
1459,Male,18,78,4.2,66,72,66,70,72.90954892909943
1460,Male,20,99,6.0,87,92,90,95,92.8652505178349
1461,Female,18,85,3.3,72,76,70,77,78.4161561742756
1462,Male,20,70,2.3,60,61,63,66,66.6297667853406
1463,Female,18,90,4.0,80,83,84,85,86.38780316647704
1464,Male,19,80,3.2,66,72,69,72,73.23769318850158
1465,Female,18,99,7.0,98,99,98,99,102.77822188601964
1466,Male,19,86,4.8,91,96,90,99,97.17701301975443
1467,Female,20,83,2.9,64,70,68,73,71.24207744346408
1468,Male,18,96,6.1,86,93,92,94,92.6825142744154
1469,Male,19,78,3.2,77,80,79,81,83.59481898429893
1470,Female,19,86,4.7,85,91,89,93,91.78651967732812
1471,Male,20,86,5.0,72,76,72,81,77.99369796635965
1472,Female,21,74,2.5,59,66,63,64,66.64413091115965
1473,Male,20,75,3.0,65,70,67,74,72.04060876013881
1474,Female,18,92,5.8,89,95,90,97,95.2565893006172
1475,Male,18,85,3.8,65,68,66,76,71.35966168600086
1476,Female,18,81,3.6,55,61,57,61,62.16937402060922
1477,Male,19,71,2.6,62,71,66,67,70.22277555233104
1478,Female,18,89,4.8,73,76,73,79,78.94850030835809
1479,Male,19,95,6.6,91,95,93,99,96.6158340943053
1480,Female,19,71,2.9,47,52,50,52,54.362724856858314
1481,Female,19,89,3.7,76,83,77,79,82.945746867132
1482,Female,20,93,5.7,91,95,98,98,97.15486314932474
1483,Male,18,75,3.3,70,69,71,76,75.89983076019037
1484,Female,18,81,4.6,83,91,85,90,90.23464317667577
1485,Male,20,64,2.1,61,68,62,70,68.79361501564392
1486,Female,19,80,3.9,84,86,91,90,90.55676557429513
1487,Male,20,76,3.9,64,68,68,67,70.77794933134776
1488,Female,19,83,5.4,85,93,86,96,91.84667221142553
1489,Male,18,92,6.0,81,89,86,86,87.92042676921083
1490,Male,20,99,7.0,98,99,98,99,102.61203460432414
1491,Female,20,81,5.0,79,84,83,88,85.56725864958713
1492,Male,20,91,4.8,79,84,81,85,85.25443036263356
1493,Male,18,84,4.5,75,80,77,82,81.64703922862269
1494,Female,19,82,3.0,70,77,74,78,77.49516660983804
1495,Male,19,80,4.5,79,82,81,88,85.25166149234873
1496,Male,18,81,3.8,77,80,84,83,83.85558471674389
1497,Male,21,76,4.2,73,80,73,83,79.87052270416693
1498,Female,18,98,4.5,85,90,91,88,91.62496701933898
1499,Male,21,71,2.8,60,68,63,69,67.75112388572995
1500,Female,19,94,6.8,84,88,88,89,89.76423446334005
1501,Male,18,87,5.5,95,99,98,99,101.17724473935955
1502,Male,19,74,3.4,69,72,71,76,75.65827353083723
1503,Male,21,62,1.5,45,50,50,52,52.858314402317866
1504,Female,20,69,3.4,62,64,60,70,68.20936688826876
1505,Male,20,95,6.4,92,96,94,99,97.5749299749592
1506,Male,20,73,3.2,71,73,72,79,77.36842788897009
1507,Female,20,74,3.1,56,62,56,61,63.10842414959107
1508,Male,20,69,3.7,72,78,75,78,79.25027212766905
1509,Female,18,91,5.0,80,82,84,87,85.94872706590198
1510,Female,19,89,4.9,79,87,83,86,86.08060973303724
1511,Male,18,74,4.3,72,82,75,80,79.94135549019117
1512,Female,21,79,4.0,61,66,63,64,67.66024772554621
1513,Male,21,77,2.8,69,73,73,77,75.90773364742537
1514,Female,18,68,3.3,56,67,59,62,64.53583684966193
1515,Female,20,91,6.1,96,98,98,99,101.33076123223631
1516,Male,21,67,3.6,64,69,69,70,71.21643953359725
1517,Female,18,94,5.6,91,96,94,98,97.2132492560193
1518,Female,19,87,5.9,96,99,97,96,101.65836891727781
1519,Female,21,90,6.0,88,94,90,94,94.08191381316483
1520,Female,18,74,3.4,67,71,69,72,73.93905875569945
1521,Female,20,87,3.9,76,79,78,84,82.16903732075457
1522,Male,18,78,3.7,69,73,73,74,75.93189374370799
1523,Female,21,69,2.9,66,69,70,73,72.86963865921803
1524,Male,21,87,5.2,73,78,76,83,79.25818502621196
1525,Female,21,70,2.8,53,57,56,62,60.029443022331236
1526,Male,19,93,5.0,90,92,93,99,95.71663133212276
1527,Male,21,78,4.9,63,71,65,69,70.04398547855912
1528,Female,20,74,4.4,71,75,72,79,77.45769202349946
1529,Female,19,87,5.1,70,72,69,77,75.58200741497222
1530,Female,20,80,3.6,67,72,69,74,73.79406278671101
1531,Male,18,81,5.1,79,84,83,87,85.71074081371485
1532,Female,19,74,3.9,67,69,69,73,73.35993921351951
1533,Male,18,89,5.9,87,93,90,97,93.45314075535158
1534,Male,18,66,2.9,57,60,61,64,64.21023030891836
1535,Male,18,83,4.7,73,81,77,81,80.35308649972795
1536,Female,20,99,6.3,96,99,97,99,101.23515758835086
1537,Female,19,75,2.4,61,65,66,70,68.30730206505564
1538,Male,20,67,3.3,68,72,73,72,75.1635155158661
1539,Male,18,88,5.2,79,84,80,87,85.31687605821882
1540,Female,19,88,4.1,72,78,73,81,78.69733386280049
1541,Male,19,85,5.1,73,78,78,82,79.63911780235894
1542,Female,20,90,5.5,73,78,76,78,79.21083900990438
1543,Male,19,96,4.3,83,88,82,89,89.10855663515768
1544,Female,20,96,4.9,89,93,89,98,94.75390327064444
1545,Male,21,85,4.4,80,84,83,85,86.26758035087158
1546,Female,20,83,3.9,68,69,69,74,73.82015636864394
1547,Male,18,87,4.6,86,93,88,96,92.90908227012336
1548,Female,18,99,7.0,95,99,98,99,100.58737075803484
1549,Female,21,77,4.1,74,77,80,80,80.55570423471055
1550,Male,18,78,2.8,59,68,61,64,66.97420688130785
1551,Male,21,87,4.6,84,89,89,92,90.50947872222812
1552,Female,19,86,3.1,73,76,79,77,79.76519049236157
1553,Male,21,61,1.5,45,52,51,52,53.336834904253045
1554,Female,20,81,3.8,84,90,88,92,91.01486664897759
1555,Male,21,76,3.9,65,71,64,75,71.69790818890357
1556,Female,19,69,3.8,71,75,75,79,78.00662647138076
1557,Female,20,86,6.4,86,92,91,92,92.38946374448551
1558,Female,19,86,5.6,79,83,82,88,85.14375216723703
1559,Female,19,84,4.8,84,90,90,90,90.95907565027794
1560,Female,20,76,3.4,67,68,72,72,73.38330772833613
1561,Female,21,95,5.3,83,87,87,90,88.92106989064435
1562,Male,21,75,4.7,71,79,76,81,78.35169056994907
1563,Male,20,82,4.0,82,85,86,89,88.38137260271917
1564,Male,19,94,3.7,79,83,77,86,85.03272415436341
1565,Female,19,80,2.4,60,64,62,70,66.98091267706262
1566,Female,20,91,5.8,73,76,78,77,78.8899394161394
1567,Female,18,80,3.6,66,67,67,70,72.12322473476257
1568,Female,18,95,5.7,81,86,84,85,87.20197650663978
1569,Male,19,80,3.8,83,88,84,91,89.70496935398972
1570,Male,18,96,5.0,96,99,98,99,101.83408112317059
1571,Female,18,84,4.2,64,69,70,74,71.05156411246355
1572,Male,18,85,3.0,67,72,68,74,73.91736151276858
1573,Male,18,83,2.8,68,75,71,74,75.53409172464727
1574,Female,18,73,3.7,70,75,72,77,77.07330618699177
1575,Male,21,98,5.5,84,88,88,91,89.81011463742288
1576,Female,19,61,1.8,55,59,59,59,62.67845838608394
1577,Male,19,68,2.4,55,61,60,67,62.854550037407066
1578,Female,20,71,2.5,58,66,62,66,65.98401972683999
1579,Female,18,97,5.0,79,83,88,86,85.58602658558102
1580,Female,21,99,5.4,97,99,98,99,102.1619391352325
1581,Female,20,81,3.4,73,79,73,81,79.84013328805682
1582,Male,18,81,4.1,72,75,74,79,78.42734583075416
1583,Female,19,81,4.3,73,78,73,79,79.52763071404794
1584,Female,21,94,5.6,89,91,89,97,94.17092302963032
1585,Female,21,60,2.2,66,67,67,74,72.60731082118167
1586,Male,19,81,4.2,74,80,75,79,80.81361069501966
1587,Female,20,91,4.0,85,89,86,95,91.15025144433453
1588,Male,18,79,4.8,74,79,78,82,80.836509270889
1589,Female,21,84,5.1,71,76,73,79,77.27441045520838
1590,Male,18,89,4.4,85,88,88,95,91.22640847589598
1591,Male,21,62,1.5,45,50,50,52,52.858314402317866
1592,Female,20,95,5.1,80,83,81,88,85.64224948990913
1593,Male,20,71,3.9,63,71,65,72,70.49955367213934
1594,Female,19,61,1.5,47,50,51,53,54.58108929111175
1595,Female,18,85,4.2,77,82,76,84,83.46220212503401
1596,Female,18,91,4.6,91,94,89,98,96.74389732119984
1597,Male,18,80,3.9,64,70,68,69,71.24353785393387
1598,Male,18,86,6.5,90,94,94,99,96.06231732029316
1599,Female,20,90,6.3,90,94,97,94,96.08417746200402
1600,Female,19,96,5.7,92,99,95,96,98.44518056116185
1601,Male,18,99,6.3,88,93,93,98,94.11059257377553
1602,Female,21,83,5.0,84,90,87,92,90.54251664072405
1603,Female,21,85,3.6,76,79,80,81,82.34609940949385
1604,Female,21,61,2.4,53,55,59,61,60.150472353338614
1605,Male,21,79,3.8,65,70,64,75,71.46703884527264
1606,Male,18,76,2.9,62,66,66,69,69.17762921598879
1607,Male,19,99,6.2,95,99,98,99,100.68591805772928
1608,Female,20,81,4.6,69,74,73,73,75.69028625619717
1609,Female,20,79,4.6,78,83,84,86,84.85334021037583
1610,Female,18,85,4.4,82,84,84,91,88.05267411236254
1611,Male,20,79,4.7,73,82,76,82,80.38600302709064
1612,Female,18,93,5.9,90,95,93,97,96.16912938510053
1613,Female,18,73,2.7,66,72,65,72,73.27875411307822
1614,Female,19,74,3.8,75,78,76,83,81.4728833584716
1615,Female,19,70,2.0,53,59,54,62,60.60928071747989
1616,Male,19,65,2.6,58,60,63,66,65.09680133883522
1617,Male,18,73,2.1,64,70,69,73,71.8728987674997
1618,Female,21,78,3.2,76,80,80,81,82.77359341356635
1619,Male,18,75,2.2,62,67,67,69,69.6238353841517
1620,Male,18,75,3.0,50,56,53,55,57.52160232338056
1621,Female,21,70,2.1,55,58,60,61,62.14117810187355
1622,Female,21,76,3.7,72,76,75,81,78.63925479627324
1623,Male,21,60,1.5,46,52,49,53,53.93740254114964
1624,Female,20,82,4.3,78,87,80,90,85.32315020444906
1625,Male,20,78,4.4,84,89,88,91,90.74971009127633
1626,Female,19,64,1.8,52,58,54,59,59.85780569544457
1627,Male,18,73,3.8,71,76,76,78,78.27311661666364
1628,Female,19,66,2.5,60,69,61,66,68.13005967704646
1629,Male,19,81,4.5,68,70,69,75,73.99981899713306
1630,Male,18,94,6.5,89,94,93,98,95.0905900454683
1631,Male,20,64,1.9,47,50,50,54,54.2696054552497
1632,Female,19,78,3.9,72,72,74,77,77.878236259254
1633,Male,18,76,3.9,69,75,74,74,76.38577877865829
1634,Male,18,82,4.7,82,87,84,88,88.62063353435123
1635,Female,20,82,4.3,74,78,77,81,80.4550276955425
1636,Female,18,68,2.8,57,62,63,66,64.72437704426045
1637,Male,21,80,3.5,70,81,76,74,78.17249474417403
1638,Male,19,63,3.1,54,58,60,60,61.495453875617784
1639,Female,19,89,4.8,78,84,80,85,84.57354441016322
1640,Female,19,82,3.4,75,79,80,78,81.88973752144865
1641,Female,20,99,5.6,98,99,98,99,102.92990625027296
1642,Female,19,93,3.0,71,76,72,77,77.65518687217984
1643,Female,20,75,2.3,57,61,55,62,63.73307845427301
1644,Male,19,60,2.1,49,58,55,56,57.75718370765033
1645,Female,18,61,1.5,48,55,49,55,56.200226584438724
1646,Male,21,60,2.2,45,50,48,52,52.590437275062456
1647,Male,20,82,4.4,73,73,74,81,78.52005182403961
1648,Male,20,81,3.5,81,85,85,91,87.71014382908928
1649,Female,21,69,2.3,57,67,59,67,65.223116043974
1650,Male,21,86,5.7,82,87,82,85,87.91071152294519
1651,Male,20,75,2.8,69,76,73,77,76.60612729481446
1652,Female,20,78,4.4,66,74,66,73,73.0804517257617
1653,Male,20,99,5.6,96,99,97,99,101.39409341132526
1654,Male,20,87,5.2,80,83,79,86,85.63525167696442
1655,Female,20,86,2.9,70,70,70,77,75.711946235564
1656,Male,20,75,1.8,59,65,62,66,66.5988900297933
1657,Male,18,61,1.5,49,52,48,55,56.28151440323582
1658,Male,21,75,3.0,59,64,59,64,65.82634856051207
1659,Female,21,80,3.5,72,75,75,78,78.4103158020594
1660,Female,18,60,2.0,58,62,60,65,65.57676357846279
1661,Female,20,77,3.6,70,75,77,78,77.22295205171723
1662,Male,18,85,4.3,72,78,79,81,79.24881409471179
1663,Male,19,78,3.7,66,69,67,72,72.44147582614173
1664,Female,20,66,3.3,63,70,67,71,70.69889890213504
1665,Male,18,81,3.8,74,78,78,83,80.8307607535187
1666,Male,20,93,5.3,79,81,81,88,84.52560476825336
1667,Female,20,75,1.9,58,63,58,65,65.16241920823921
1668,Female,19,94,6.1,94,99,97,99,100.006967886431
1669,Male,18,84,4.6,74,79,77,81,80.70280024497998
1670,Male,18,78,4.3,68,76,70,73,75.41339353833953
1671,Male,20,79,4.8,85,90,89,92,91.63489413922066
1672,Female,21,78,4.0,70,75,71,78,76.57679065070066
1673,Female,20,97,5.9,87,90,88,95,92.39651401762835
1674,Female,18,82,3.5,78,85,81,84,85.36372353348459
1675,Female,20,73,2.6,56,61,60,63,63.35245602999866
1676,Male,19,82,4.2,77,81,78,82,83.40067347247398
1677,Female,20,78,3.3,55,56,60,63,61.40311187320928
1678,Female,18,89,4.4,70,78,69,77,76.92998828297301
1679,Female,20,91,3.4,77,80,79,83,83.19624312235685
1680,Female,19,77,3.5,67,71,69,73,73.7709356928319
1681,Female,21,80,3.5,67,73,69,74,73.92492442017769
1682,Male,19,60,1.5,48,51,50,54,55.448152505046174
1683,Male,20,82,3.9,68,70,75,76,74.48365381528833
1684,Female,21,75,3.3,73,74,74,79,79.02338801023876
1685,Male,18,83,5.2,79,85,87,89,86.1387179977571
1686,Female,21,64,3.2,61,65,65,71,68.11275087218422
1687,Female,20,90,6.3,80,91,83,85,87.1541540144049
1688,Male,18,67,2.6,59,62,63,66,66.25112946620321
1689,Male,19,87,5.2,82,85,90,88,88.38911267316497
1690,Female,20,82,3.7,79,83,80,85,85.42466399219731
1691,Female,18,71,2.8,53,58,54,64,60.29870849288812
1692,Female,19,99,6.6,98,99,98,99,102.78594871544298
1693,Male,19,63,3.2,59,65,62,67,66.61340924250034
1694,Female,20,90,4.5,85,88,85,93,90.79100504760851
1695,Female,18,96,5.1,90,92,93,95,95.71469555095071
1696,Female,21,71,3.0,73,74,79,78,79.55082953700067
1697,Male,21,90,5.0,94,95,97,99,99.40863534359706
1698,Female,21,76,4.0,73,77,75,78,79.49267330964484
1699,Female,20,89,3.9,76,80,78,77,82.31873794119988
1700,Male,18,84,4.2,75,79,80,83,81.74964068545286
1701,Female,20,76,3.6,68,75,69,79,75.18119603888196
1702,Female,18,91,4.6,79,86,86,86,86.22475529441381
1703,Male,18,82,5.0,80,84,87,84,86.74393655362492
1704,Female,19,66,1.6,45,50,49,52,52.84345207355171
1705,Male,19,95,5.5,89,93,92,95,94.94727723510975
1706,Male,20,62,1.5,45,50,50,52,52.941408043165616
1707,Female,20,86,5.5,86,90,91,95,92.21130948910213
1708,Female,19,87,6.5,87,91,88,96,92.74237479132289
1709,Female,18,72,2.7,58,62,60,63,65.16853053768025
1710,Female,21,82,4.1,65,69,65,73,71.22059445166181
1711,Male,19,66,1.7,70,74,74,80,77.54897895838992
1712,Female,19,80,3.8,75,80,79,86,81.95647132393441
1713,Male,18,66,2.9,63,69,63,76,70.46367481619026
1714,Female,20,85,4.1,83,86,85,88,89.14263162648312
1715,Female,20,93,5.3,87,95,87,99,93.49684915907982
1716,Female,18,89,6.5,86,89,87,92,91.59588945275651
1717,Male,18,70,3.8,59,61,63,65,65.72509359419124
1718,Female,20,75,3.9,71,77,73,79,78.00818857697216
1719,Female,20,65,1.5,47,50,49,53,54.264405737078945
1720,Female,18,71,2.8,65,71,65,73,72.37606466573688
1721,Female,21,78,5.4,89,89,92,93,94.39196550255689
1722,Male,18,86,6.2,98,99,98,99,103.22993481252061
1723,Female,19,65,1.5,53,59,55,63,60.90192556636331
1724,Male,21,76,2.7,66,68,69,73,72.503129940261
1725,Male,19,66,3.9,74,76,77,81,80.57883778357883
1726,Male,20,80,4.7,74,82,75,82,81.02026654797706
1727,Male,19,69,1.6,58,62,58,67,65.24702665394769
1728,Male,18,91,4.5,84,87,91,88,90.46635621682546
1729,Male,21,73,3.5,67,67,69,75,72.92284685675244
1730,Female,19,82,4.5,74,78,77,80,80.4927111012547
1731,Male,21,86,5.1,76,81,81,83,82.44249361161108
1732,Male,18,69,4.4,67,73,77,76,74.80034509659784
1733,Male,18,79,3.0,64,66,65,69,70.47792179233433
1734,Female,18,80,2.7,70,72,74,75,76.73167435595714
1735,Female,20,82,3.6,67,73,69,70,73.94376340715631
1736,Male,19,96,4.1,67,74,69,73,73.81373486280239
1737,Female,21,67,4.5,62,64,64,72,68.21904817164157
1738,Male,19,99,6.5,88,95,89,95,94.06360733012086
1739,Male,21,84,5.0,82,87,85,86,88.33693314309448
1740,Female,18,78,3.8,71,78,71,77,78.1755159879477
1741,Male,21,87,4.6,79,84,84,83,85.5255822903976
1742,Female,20,75,3.5,64,64,67,69,70.04929852249171
1743,Female,20,89,6.5,83,88,87,91,89.04760088632955
1744,Male,20,85,3.9,75,82,77,80,81.97880819767649
1745,Male,20,71,4.8,73,76,75,82,79.30674969395713
1746,Female,20,88,4.4,82,86,86,89,88.35715368029068
1747,Male,18,62,2.8,50,55,51,57,57.49534354714588
1748,Male,18,63,1.7,53,52,55,59,59.642407411150224
1749,Male,21,66,2.8,58,66,59,67,65.71094831316877
1750,Female,20,88,3.7,71,74,72,80,77.13453093561775
1751,Female,20,95,5.4,92,98,91,99,97.95874520325673
1752,Male,19,99,7.0,98,99,98,99,102.69512824517189
1753,Female,18,83,5.4,84,92,86,91,91.00823198619834
1754,Female,18,89,4.1,79,85,84,87,86.03808942122501
1755,Female,20,65,1.5,45,50,50,52,52.87908373871359
1756,Female,19,84,3.2,66,69,66,73,72.35510738478536
1757,Female,18,71,2.9,66,73,67,72,73.61663441157305
1758,Male,19,77,3.5,62,63,70,68,68.66476131250843
1759,Male,18,79,4.4,75,81,82,81,82.3410954451464
1760,Male,19,82,3.4,71,74,74,79,77.56087937865523
1761,Female,18,60,2.5,53,61,57,63,61.39483302636239
1762,Female,20,91,5.1,83,88,85,92,89.17343215539466
1763,Male,19,68,2.4,60,66,64,64,67.76320104894643
1764,Female,19,82,3.3,81,86,83,91,87.8586322530862
1765,Male,18,99,6.5,98,99,97,99,102.81650205356733
1766,Male,18,72,2.6,58,61,58,66,64.84949465791901
1767,Male,19,60,1.5,45,51,48,52,53.106810536479024
1768,Female,19,78,3.9,69,74,70,76,75.76890376359782
1769,Female,20,99,4.7,81,88,84,89,87.56224164151263
1770,Male,18,99,6.6,97,99,98,99,102.13875864696247
1771,Male,20,72,2.8,60,63,61,68,66.70670113411136
1772,Male,21,83,5.6,70,73,75,80,76.0281162965343
1773,Male,20,71,3.9,72,77,75,79,78.97206219948548
1774,Female,18,84,4.3,75,75,78,85,80.8114441003161
1775,Female,19,99,7.0,98,99,98,99,102.69512824517189
1776,Male,18,72,2.3,55,61,59,64,62.80200430292871
1777,Male,18,80,5.1,75,82,81,78,82.27738959047679
1778,Female,21,84,3.8,83,85,85,95,88.95717794974271
1779,Female,18,83,5.2,90,97,92,99,96.84306778278386
1780,Male,19,79,3.7,68,77,68,74,75.48651515091207
1781,Male,20,88,4.6,78,80,80,81,83.79163514561505
1782,Male,20,74,4.2,66,73,71,74,73.39393797820918
1783,Female,19,86,4.0,76,81,82,80,82.93368260684326
1784,Female,18,76,2.1,65,67,70,73,72.04235312242713
1785,Female,19,88,4.6,87,93,86,95,93.38500672987085
1786,Male,19,71,4.1,71,78,76,76,78.54595747290726
1787,Male,18,84,4.8,74,78,73,83,80.16515817193307
1788,Female,19,65,4.2,66,73,71,75,73.664004532413
1789,Female,18,90,5.3,85,87,87,94,90.73479207259751
1790,Male,18,71,3.2,73,75,77,80,79.79545954057268
1791,Female,19,68,2.0,50,55,50,54,57.39399681764508
1792,Female,18,97,5.1,93,98,98,99,99.40849995272069
1793,Male,19,73,4.1,63,67,63,69,69.58019607398118
1794,Female,20,81,3.5,67,74,69,71,74.17849344962143
1795,Male,20,69,2.9,66,72,67,76,73.30074650943223
1796,Male,18,99,5.4,84,91,83,95,90.25884927816733
1797,Male,18,63,1.5,45,50,48,52,52.93632971612808
1798,Male,18,99,7.0,98,99,98,99,102.77822188601964
1799,Male,20,96,6.0,86,90,94,93,92.11577248063004
1800,Male,20,77,4.4,77,86,80,83,84.48278506155974
1801,Male,18,75,3.5,70,73,75,76,76.92040283320618
1802,Female,21,80,5.5,72,81,75,82,79.10371439118393
1803,Male,18,83,4.7,78,83,82,83,84.76323246131848
1804,Male,19,81,5.3,82,84,84,90,87.84833348600753
1805,Female,20,92,4.4,77,85,80,83,83.97991338255294
1806,Female,21,80,4.3,72,77,76,78,78.68642059530173
1807,Female,20,80,3.9,66,73,68,75,73.11166846113491
1808,Male,20,76,2.7,75,82,78,81,82.51348794213702
1809,Female,19,69,5.0,68,74,71,74,75.05108209467132
1810,Male,20,93,6.2,93,97,98,99,98.88440529363574
1811,Male,18,76,4.5,86,93,87,96,93.08506441705741
1812,Male,21,60,1.5,45,50,48,53,52.74937309803686
1813,Male,19,80,5.1,76,82,83,82,83.07507049953966
1814,Female,20,92,4.3,66,67,71,72,71.84978609344925
1815,Female,19,84,4.2,66,72,72,73,73.15327920109468
1816,Male,20,77,3.6,61,65,64,69,67.75970663651091
1817,Male,19,98,5.8,92,99,96,97,98.4561713275839
1818,Male,20,85,6.1,85,91,90,93,91.4815745789734
1819,Female,18,75,3.3,64,69,70,71,71.44288308392959
1820,Male,18,85,3.9,68,74,67,72,74.75055405718904
1821,Male,18,72,3.6,55,58,55,60,61.63210562314296
1822,Female,18,73,3.2,58,66,64,64,66.10021248984208
1823,Female,21,77,5.1,65,74,67,72,72.20415874105313
1824,Male,18,90,4.4,83,89,85,94,89.71058018496191
1825,Female,21,81,5.4,87,95,87,94,93.64034761847242
1826,Female,19,80,3.4,85,89,87,90,91.67334366053754
1827,Male,18,87,5.3,81,84,81,88,86.85075854774944
1828,Female,20,86,4.3,79,84,86,85,85.84805689268168
1829,Male,20,68,4.3,64,70,67,72,71.16058189948423
1830,Female,19,96,4.1,87,91,90,95,93.2508155401757
1831,Male,19,96,4.0,74,80,78,83,80.7731356687686
1832,Male,20,91,4.7,85,91,90,92,91.67479761601815
1833,Male,18,92,4.4,87,90,92,97,93.30813358475852
1834,Female,21,86,5.4,83,89,88,92,89.54308342021717
1835,Male,21,79,3.2,74,81,76,80,81.18251970234108
1836,Female,20,91,5.4,86,91,88,97,92.09565466178965
1837,Male,18,81,2.7,75,82,80,83,82.72629222366149
1838,Male,20,65,2.7,73,76,75,78,79.90820577178441
1839,Female,18,80,4.8,73,79,76,83,79.9349599528277
1840,Male,18,72,3.2,59,62,63,70,66.01102492004318
1841,Male,18,64,2.6,62,65,67,69,69.37903705004473
1842,Female,19,74,3.8,68,72,67,74,74.53618767007318
1843,Male,21,70,3.0,55,58,59,62,61.86158662347242
1844,Male,20,86,3.9,67,71,70,75,73.48529408864815
1845,Male,20,64,1.5,50,55,54,60,57.80850951840361
1846,Male,19,75,4.6,70,77,75,78,77.35255352609958
1847,Female,19,82,2.4,76,80,82,83,83.18881340378367
1848,Female,19,64,2.6,63,65,69,73,70.17671795910759
1849,Male,21,92,4.6,78,85,84,84,84.88267489706261
1850,Female,18,87,5.6,84,87,90,93,90.22445357589149
1851,Male,21,63,1.9,57,62,61,63,64.63282517999818
1852,Female,19,79,2.2,65,71,68,73,72.48873984596388
1853,Male,19,66,2.4,62,67,67,69,69.6823044215245
1854,Male,20,64,2.9,59,66,63,66,66.84415176324308
1855,Male,19,85,5.0,83,89,85,89,89.5951296794609
1856,Male,21,83,3.4,67,70,71,77,73.4620456036358
1857,Male,21,70,3.4,60,69,63,66,67.82691810522066
1858,Male,19,60,1.8,54,59,55,60,61.667967763741636
1859,Female,18,84,4.5,81,86,87,92,87.92869662798402
1860,Male,19,70,2.3,57,64,60,66,64.87002350757001
1861,Female,21,87,5.4,73,78,80,75,79.51375647224113
1862,Male,18,80,3.5,73,79,73,79,80.00439022033522
1863,Female,20,92,4.7,89,99,91,92,96.18040435944503
1864,Female,20,73,2.8,49,53,52,54,56.06309521326253
1865,Female,20,60,1.5,45,50,50,52,52.98295757946697
1866,Male,18,80,4.0,69,74,73,76,76.01347901144997
1867,Male,20,99,5.9,91,98,95,96,97.33281851465159
1868,Female,21,95,5.5,86,88,87,93,91.25776094024026
1869,Male,18,80,5.2,80,81,81,84,85.71485286280368
1870,Female,18,75,3.8,66,70,70,73,72.98117507149392
1871,Male,21,76,5.6,78,80,78,84,83.58029670631532
1872,Female,18,67,1.9,64,68,66,74,71.43472103717245
1873,Female,21,87,3.9,81,87,85,91,87.7940814225597
1874,Male,19,80,3.0,81,84,82,90,87.51055140830637
1875,Female,18,91,4.9,89,91,95,95,95.09293660134706
1876,Male,21,99,7.0,98,99,98,99,102.52894096347639
1877,Female,19,82,4.8,86,93,86,90,92.73396139431111
1878,Female,19,76,3.2,63,65,64,67,69.41496293443696
1879,Male,19,75,4.0,78,85,76,85,84.93630058039683
1880,Male,19,61,1.5,51,58,52,63,59.10747080268929
1881,Male,18,76,3.2,65,72,70,72,72.74884761291494
1882,Female,19,77,3.9,60,67,62,67,67.27641068823806
1883,Male,21,72,2.3,65,74,69,69,73.0942667142865
1884,Female,18,83,4.4,71,75,71,80,77.36166097154769
1885,Female,20,75,3.5,65,70,70,74,72.15281943317348
1886,Male,19,81,5.2,91,95,93,99,97.22455249436358
1887,Male,20,86,4.4,64,69,67,70,70.57268079845763
1888,Female,18,78,5.7,72,80,75,78,79.15788445814631
1889,Female,21,79,3.5,72,74,72,76,78.0141041525899
1890,Male,19,88,4.4,73,76,74,80,79.0522473262233
1891,Male,18,81,4.6,86,94,91,91,93.45071729664762
1892,Male,18,68,3.0,62,69,66,67,69.8948727138664
1893,Male,18,72,3.4,65,69,70,71,72.21278598014212
1894,Male,19,73,3.7,67,74,71,73,74.53286584112139
1895,Female,19,75,1.6,50,56,53,56,57.75638032848163
1896,Female,20,68,3.1,57,65,57,65,64.61235235835456
1897,Female,19,72,4.3,69,74,71,76,75.87797732252197
1898,Female,18,90,5.4,83,90,86,89,89.75002458632203
1899,Male,20,77,4.9,75,85,82,82,82.86793273890002
1900,Male,20,80,4.1,73,79,77,78,80.00295391439779
1901,Male,18,90,5.6,82,87,88,89,88.55107101220058
1902,Female,18,77,4.0,74,80,78,81,81.25094990447919
1903,Female,18,83,3.9,76,80,78,80,82.60957383179944
1904,Male,20,76,4.1,65,75,68,74,72.80157390276713
1905,Male,20,75,3.7,78,83,81,83,84.91504908021496
1906,Female,19,76,2.9,64,68,65,71,70.86235788699972
1907,Female,20,64,1.5,45,50,48,54,52.749367666281906
1908,Male,20,79,4.0,77,84,80,86,84.14955568203615
1909,Male,19,95,5.1,90,97,96,97,96.83436372286049
1910,Female,21,93,5.8,85,89,84,91,90.46642531038317
1911,Male,18,83,5.6,80,86,85,89,86.81894055297859
1912,Male,18,99,5.2,87,89,88,95,92.48883742925022
1913,Male,18,82,3.2,76,81,76,82,82.83004373908884
1914,Female,18,90,4.2,68,74,73,73,75.0300373854794
1915,Female,19,70,2.9,65,73,69,68,72.97452267013006
1916,Female,21,86,3.7,68,71,74,75,74.4788760734289
1917,Female,18,90,4.6,80,82,85,87,86.13556772461492
1918,Female,18,95,4.4,92,95,98,99,98.3049511324282
1919,Female,19,80,3.6,72,74,76,80,78.43779322973164
1920,Female,21,74,3.2,72,80,75,82,79.55933054740011
1921,Male,19,86,4.4,68,76,72,74,75.29188747530095
1922,Male,19,87,4.4,80,86,85,89,86.9252092503414
1923,Male,18,60,3.1,54,61,55,60,61.83839518970167
1924,Male,18,60,1.5,45,50,48,54,52.99865402058011
1925,Male,21,74,4.1,69,74,71,73,75.71565073966066
1926,Male,21,69,2.3,65,69,64,72,71.82411313354933
1927,Male,18,75,3.9,65,69,68,68,71.88644524726887
1928,Female,21,85,3.9,72,74,71,78,77.72338965312356
1929,Female,20,66,4.1,66,72,69,74,73.24110024365335
1930,Male,21,95,5.7,88,93,93,94,94.08064142924162
1931,Male,19,74,3.8,69,75,71,74,76.14120353080614
1932,Female,19,87,5.2,73,78,79,82,79.650108568781
1933,Male,19,86,4.7,75,80,75,82,81.3264949757557
1934,Male,20,71,2.7,64,67,69,70,71.03827984645893
1935,Female,18,86,6.1,85,90,89,92,91.36049151548038
1936,Male,18,86,3.3,70,76,70,82,76.93481398746839
1937,Female,19,92,5.2,84,87,92,93,90.2787974051438
1938,Male,20,72,2.3,54,59,57,63,61.372542157829265
1939,Female,18,64,1.9,49,54,50,57,56.66136078258838
1940,Female,20,91,5.1,83,87,83,90,88.83169115806565
1941,Female,21,80,3.6,81,85,84,83,87.54987441853325
1942,Male,18,75,2.4,62,67,65,68,69.4279343084338
1943,Female,20,80,3.7,62,65,65,68,68.48020634411056
1944,Male,19,97,6.0,87,93,89,90,93.10589843143948
1945,Male,21,64,2.4,58,61,62,63,65.11280379688142
1946,Male,18,98,6.3,94,99,96,97,99.88630679924931
1947,Male,20,65,2.7,56,66,55,63,64.07597273991372
1948,Female,20,89,5.6,80,83,83,89,85.80386335155669
1949,Female,21,79,3.5,63,69,61,72,69.65760036169924
1950,Male,20,77,4.9,80,84,84,88,86.47859196937705
1951,Male,19,69,4.0,63,70,64,68,70.33499615468283
1952,Female,20,77,3.3,80,82,83,83,86.38412811667692
1953,Male,21,79,5.0,72,78,78,75,78.89000053780701
1954,Female,19,64,1.8,53,56,54,57,60.205589091279506
1955,Male,18,89,5.9,81,86,86,86,87.43170572099065
1956,Male,21,76,3.1,67,70,69,74,73.5250934928115
1957,Female,20,77,3.6,76,83,83,81,83.58612808340719
1958,Male,20,66,1.6,57,60,59,65,64.18871871502154
1959,Female,18,60,1.5,45,51,48,52,53.189904177326774
1960,Male,20,86,3.1,73,77,77,80,79.72285616767813
1961,Male,19,99,6.8,98,99,98,99,102.74053848030744
1962,Male,20,85,4.9,80,85,81,85,86.27790772004478
1963,Female,18,82,4.5,71,74,73,79,77.31897130596629
1964,Male,20,76,3.8,68,73,71,75,74.90377633083544
1965,Male,21,80,4.2,75,83,81,81,82.42370488279016
1966,Male,18,89,4.1,76,79,75,85,82.02252857013964
1967,Male,21,60,1.9,56,63,59,65,64.00562509128626
1968,Female,19,98,6.5,86,94,90,91,92.50780994315951
1969,Female,21,88,4.5,82,85,85,89,87.98485934483733
1970,Male,20,85,5.9,82,84,88,90,87.84689174831514
1971,Female,19,84,4.4,79,85,82,85,85.84026342784497
1972,Male,20,80,4.0,76,80,79,84,82.55825115727937
1973,Male,21,78,5.5,82,91,86,90,89.18830221143752
1974,Male,19,93,5.5,82,87,85,93,88.20262192359503
1975,Female,19,77,3.5,61,64,63,65,67.5990098178886
1976,Female,20,76,3.0,65,68,69,72,71.78782451907716
1977,Female,20,86,4.1,75,82,77,80,81.91262319439026
1978,Female,20,90,6.2,95,99,97,99,100.71455190994645
1979,Female,20,70,2.9,53,58,55,57,60.2058362820667
1980,Female,19,64,2.1,50,57,56,58,58.2883636079204
1981,Female,20,86,4.6,72,76,69,78,77.8587821757572
1982,Female,18,70,5.0,75,80,79,81,81.97485123547564
1983,Female,19,81,4.5,78,83,81,82,84.69185317161646
1984,Male,18,79,4.5,74,80,74,80,80.79489309917427
1985,Female,19,80,2.8,73,79,77,82,80.38121408362659
1986,Female,19,97,4.4,92,97,96,99,98.41231742819006
1987,Female,19,60,2.2,51,56,55,59,58.81254569524577
1988,Female,20,68,2.9,60,64,58,70,66.73260898501943
1989,Female,19,78,3.6,74,76,80,82,80.62339217934756
1990,Female,19,60,2.0,52,58,54,58,59.89549453291173
1991,Female,18,82,3.7,79,88,83,87,86.77283831849964
1992,Female,19,95,6.8,90,93,94,96,95.53288525663933
1993,Female,18,66,4.1,74,77,75,80,80.65728050545535
1994,Female,18,80,3.9,73,76,77,77,79.64080096098884
1995,Female,20,62,3.0,52,58,54,61,59.543800180084894
1996,Male,20,66,3.1,64,70,63,70,71.17361116543415
1997,Male,20,70,3.8,68,73,73,75,75.17891578032186
1998,Female,19,77,3.3,80,83,81,85,86.50798107368898
1999,Female,19,99,5.3,88,93,89,96,93.9535684274408
2000,Male,21,87,4.8,75,77,77,80,80.6935681786841
